"datetime","date","account_type","category","type","asset_class","name","symbol","shares","price","amount","fee","tax","currency","original_amount","original_currency","fx_rate","description","transaction_id","counterparty_name","counterparty_iban","payment_reference","mcc_code"
"2025-01-10T08:00:00.123456Z","2025-01-10","DEFAULT","CASH","CUSTOMER_INBOUND","","","","","","1000.00","","","EUR","","","","Example top-up","00000000-0000-0000-0000-000000004f28","Jane Doe","ES0000000000000000000000","",""
"2025-01-15T09:30:00.123Z","2025-01-15","DEFAULT","TRADING","BUY","FUND","Example World ETF Acc","ZZ00EXAMPL01","1.2345678900","81.050000","-100.050000","","","EUR","","","","Savings plan execution ZZ00EXAMPL01 Example World ETF Acc, quantity: 1.23456789","00000000-0000-0000-0000-000000006e17","","","",""
"2025-02-15T09:30:00.456Z","2025-02-15","DEFAULT","TRADING","BUY","FUND","Example World ETF Acc","ZZ00EXAMPL01","1.1500000000","87.000000","-100.050000","","","EUR","","","","Savings plan execution ZZ00EXAMPL01 Example World ETF Acc, quantity: 1.15","00000000-0000-0000-0000-000000008d06","","","",""
"2025-02-20T10:00:00.123456Z","2025-02-20","DEFAULT","TRADING","BUY","FUND","Example World ETF Acc","ZZ00EXAMPL01","1.0000000000","100.000000","-100.000000","-1.00","","EUR","","","","Buy trade ZZ00EXAMPL01 Example World ETF Acc, quantity: 1","00000000-0000-0000-0000-00000000abf5","","","",""
"2025-03-01T10:15:00.123456Z","2025-03-01","DEFAULT","TRADING","BUY","STOCK","EXAMPLE CORP.","ZZ00STOCK002","10.0000000000","50.500000","-505.000000","-1.00","","EUR","","","","Buy trade ZZ00STOCK002 EXAMPLE CORP., quantity: 10","00000000-0000-0000-0000-00000000cae4","","","",""
"2025-03-20T10:15:00.123456Z","2025-03-20","DEFAULT","TRADING","SELL","STOCK","EXAMPLE CORP.","ZZ00STOCK002","-4.0000000000","60.250000","241.000000","-1.00","","EUR","","","","Sell trade ZZ00STOCK002 EXAMPLE CORP., quantity: 4","00000000-0000-0000-0000-00000000e9d3","","","",""
"2025-04-02T14:00:00.123456Z","2025-04-02","DEFAULT","TRADING","BUY","DERIVATIVE","Faktor Example Long","ZZ00DERIV003","100.0000000000","1.230000","-123.000000","-1.00","","EUR","","","","Buy trade ZZ00DERIV003 Faktor Example Long, quantity: 100","00000000-0000-0000-0000-0000000108c2","","","",""
"2025-04-09T14:00:00.123456Z","2025-04-09","DEFAULT","TRADING","SELL","DERIVATIVE","Faktor Example Long","ZZ00DERIV003","-100.0000000000","1.500000","150.000000","-1.00","","EUR","","","","Sell trade ZZ00DERIV003 Faktor Example Long, quantity: 100","00000000-0000-0000-0000-0000000127b1","","","",""
"2025-05-05T06:00:00.123456Z","2025-05-05","DEFAULT","CASH","DIVIDEND","STOCK","EXAMPLE CORP.","ZZ00STOCK002","6.0000000000","","2.550000","","-0.45","EUR","3.00","USD","1.176470","Cash dividend for ZZ00STOCK002","00000000-0000-0000-0000-0000000146a0","","","",""
"2025-05-20T06:00:00.123456Z","2025-05-20","DEFAULT","CASH","DIVIDEND","STOCK","EXAMPLE CORP.","ZZ00STOCK002","6.0000000000","","1.000000","","","EUR","","","","Cash dividend for ZZ00STOCK002","00000000-0000-0000-0000-00000001658f","","","",""
"2025-06-06T09:00:00.123456Z","2025-06-06","DEFAULT","DELIVERY","MIGRATION","FUND","Example Global Fund","ZZ00MIGRA004","-3.0000000000","200.000000","","","","EUR","","","","MIGRATION ZZ00MIGRA004","00000000-0000-0000-0000-00000001847e","","","",""
"2025-06-06T09:00:00.123456Z","2025-06-06","DEFAULT","DELIVERY","MIGRATION","FUND","Example Global Fund","ZZ00MIGRA004","3.0000000000","200.000000","","","","EUR","","","","MIGRATION ZZ00MIGRA004","00000000-0000-0000-0000-00000001a36d","","","",""
"2025-06-30T22:00:00.123456Z","2025-06-30","DEFAULT","CASH","INTEREST_PAYMENT","","","","","","3.100000","","-0.50","EUR","","","","Interest payment","00000000-0000-0000-0000-00000001c25c","","","",""
"2025-07-01T05:00:00.123456Z","2025-07-01","DEFAULT","CASH","BENEFITS_SAVEBACK","FUND","Example World ETF Acc","ZZ00EXAMPL01","","","1.000000","","","EUR","","","","Saveback for buy transaction","00000000-0000-0000-0000-00000001e14b","","","",""
"2025-07-02T05:00:00.123456Z","2025-07-02","DEFAULT","TRADING","BUY","FUND","Example World ETF Acc","ZZ00EXAMPL01","0.2768910000","116.762806","","","","EUR","","","","BUY ZZ00EXAMPL01","00000000-0000-0000-0000-00000002003a","","","",""
"2025-07-15T09:30:00.123Z","2025-07-15","DEFAULT","TRADING","BUY","FUND","Example World ETF Acc","ZZ00EXAMPL01","0.8500000000","117.000000","-99.450000","-1.00","-0.30","EUR","","","","Savings plan execution ZZ00EXAMPL01 Example World ETF Acc, quantity: 0.85","00000000-0000-0000-0000-000000021f29","","","",""
"2025-08-01T11:00:00.123456Z","2025-08-01","DEFAULT","TRADING","SELL","FUND","Example World ETF Acc","ZZ00EXAMPL01","-1.5000000000","120.000000","180.000000","-1.00","","EUR","","","","Sell trade ZZ00EXAMPL01 Example World ETF Acc, quantity: 1.5","00000000-0000-0000-0000-000000023e18","","","",""
"2025-09-01T07:00:00.123456Z","2025-09-01","DEFAULT","CASH","IPO_SUBSCRIPTION","STOCK","EXAMPLE CORP.","ZZ00STOCK002","","","-50.000000","-1.00","","EUR","","","","IPO access pre-payment for example","00000000-0000-0000-0000-000000025d07","","","",""
"2025-09-02T07:00:00.123456Z","2025-09-02","DEFAULT","CASH","STOCKPERK","STOCK","EXAMPLE CORP.","ZZ00STOCK002","","","15.000000","","","EUR","","","","Stockperk","00000000-0000-0000-0000-000000027bf6","","","",""
"2025-09-03T12:00:00.123456Z","2025-09-03","DEFAULT","CASH","CARD_TRANSACTION","","Example Shop","","","","-12.340000","","","EUR","","","","Example Shop","00000000-0000-0000-0000-000000029ae5","","","","5411"
"2025-09-04T12:00:00.123456Z","2025-09-04","DEFAULT","CASH","CARD_TRANSACTION_INTERNATIONAL","","Example Abroad","","","","-8.500000","","","EUR","-10.00","USD","1.176470","Example Abroad","00000000-0000-0000-0000-00000002b9d4","","","","5812"
"2025-09-05T12:00:00.123456Z","2025-09-05","DEFAULT","CASH","TRANSFER_INSTANT_OUTBOUND","","","","","","-200.000000","","","EUR","","","","Outgoing transfer","00000000-0000-0000-0000-00000002d8c3","John Roe","ES1111111111111111111111","",""
"2025-09-06T12:00:00.123456Z","2025-09-06","DEFAULT","CASH","TRANSFER_INSTANT_INBOUND","","","","","","300.000000","","","EUR","","","","Incoming transfer","00000000-0000-0000-0000-00000002f7b2","John Roe","ES1111111111111111111111","",""
"2025-09-07T12:00:00.123456Z","2025-09-07","DEFAULT","CASH","TRANSFER_DIRECT_DEBIT_INBOUND","","","","","","50.000000","","","EUR","","","","Direct debit top-up","00000000-0000-0000-0000-0000000316a1","","","",""
"2025-09-08T12:00:00.123456Z","2025-09-08","DEFAULT","CASH","TRANSFER_INBOUND","","","","","","20.000000","","","EUR","","","","Example transfer in (ES0000000000000000000000)","00000000-0000-0000-0000-000000033590","","","",""
